sample_index,timestamp_local,timestamp_utc,elapsed_s,tick,tick_changed,node_count,node_ids,missing_nodes,estimated_persons,presence,motion_level,classification_confidence,mean_rssi,variance,motion_band_power,breathing_band_power,dominant_freq_hz,spectral_power,change_points,breathing_rate_bpm,breathing_confidence,heart_rate_bpm,heartbeat_confidence,signal_quality
0,2026-06-28T01:34:01+02:00,2026-06-27T23:34:01+00:00,0.0,4176,,4,1 2 3 4,,1,True,present_moving,0.4809118330697191,-63.0,38.19787482426719,58.71315467524843,63.8366151898393,1.375,160.0390625,3,9.42800825913626,0.36877363823175874,54.906661158019446,0.42694690124597734,0.398836212714764
1,2026-06-28T01:34:02+02:00,2026-06-27T23:34:02+00:00,1.005,4220,True,4,1 2 3 4,,1,True,present_moving,0.46419792834335594,-63.0,36.497129397959725,58.66284040843027,63.46271924838983,0.675,159.796875,4,7.746633291834547,0.380360320638074,99.7816406398935,0.3950029721909626,0.5
2,2026-06-28T01:34:03+02:00,2026-06-27T23:34:03+00:00,2.008,4257,True,4,1 2 3 4,,1,True,present_moving,0.5480299783472206,-62.0,51.63465481690276,72.17512975078232,90.93331381693257,0.8125,205.82421875,5,9.42800825913626,0.40824007021950287,54.906661158019446,0.5021235640876551,0.44010435240091206
3,2026-06-28T01:34:04+02:00,2026-06-27T23:34:04+00:00,3.013,4296,True,4,1 2 3 4,,1,True,present_moving,0.4926501338861996,-62.0,33.724025676377764,50.8506174017793,62.264272720481245,0.7750000000000001,166.53125,4,8.220020757373646,0.38308757804880744,99.7816406398935,0.46578049710783903,0.5
4,2026-06-28T01:34:05+02:00,2026-06-27T23:34:05+00:00,4.018,4332,True,4,1 2 3 4,,1,True,present_still,0.5985363867138798,-62.0,47.09963887920099,67.61277365769816,82.09352736307943,1.8750000000000002,189.80859375,6,8.36777642729766,0.3535465615979099,99.7816406398935,0.5175912119438085,0.37486646735917517
5,2026-06-28T01:34:06+02:00,2026-06-27T23:34:06+00:00,5.023,4365,True,4,1 2 3 4,,1,True,present_still,0.41179679791829726,-61.0,41.61470755146256,65.49511072241688,72.32125276096409,0.7375,187.1953125,4,8.478143260146647,0.3917995793884234,99.7816406398935,0.5493356074118265,0.5
6,2026-06-28T01:34:07+02:00,2026-06-27T23:34:07+00:00,6.028,4404,True,4,1 2 3 4,,1,True,present_still,0.6212545077125209,-62.0,46.82839199113727,68.31584935607958,76.82990453164246,0.9750000000000001,194.38671875,2,8.593236286931331,0.4271859880614461,99.7816406398935,0.5297767127957004,0.464998715807291
7,2026-06-28T01:34:08+02:00,2026-06-27T23:34:08+00:00,7.033,4440,True,4,1 2 3 4,,1,True,present_still,0.5169598662779111,-62.0,44.14181590824689,67.5084952601226,72.59953182227285,1.4000000000000001,183.60546875,2,8.613593891952128,0.39574370704756723,99.7816406398935,0.4638016362273618,0.4573121688552719
8,2026-06-28T01:34:09+02:00,2026-06-27T23:34:09+00:00,8.038,4480,True,4,1 2 3 4,,1,True,present_still,0.5458170232033902,-62.0,46.72545487140062,73.96183975052222,75.21611057127484,1.5875000000000001,189.875,2,8.613593891952128,0.40025002508464164,99.7816406398935,0.4215543616141564,0.40266558547650355
9,2026-06-28T01:34:10+02:00,2026-06-27T23:34:10+00:00,9.042,4519,True,4,1 2 3 4,,1,True,present_still,0.5055255425652205,-62.0,45.06764039690743,67.69427691025605,73.59550076780474,0.7875000000000001,181.94921875,2,8.613593891952128,0.41388303855721376,99.7816406398935,0.4418180159183076,0.4337476515407551
10,2026-06-28T01:34:11+02:00,2026-06-27T23:34:11+00:00,10.044,4555,True,4,1 2 3 4,,1,True,present_moving,0.4488014376172128,-62.0,46.29759740338704,70.92482993013724,75.1490565892624,1.35,188.15625,7,12.66116537964867,0.4264780730259329,106.64740937675921,0.4406363128098581,0.47137924442633505
11,2026-06-28T01:34:12+02:00,2026-06-27T23:34:12+00:00,11.047,4587,True,4,1 2 3 4,,1,True,present_still,0.5510055070110732,-62.0,43.81443068152557,66.84413425286614,71.07608872663813,1.4000000000000001,182.4921875,2,8.613593891952128,0.4335054806777928,99.7816406398935,0.5363117988818206,0.4597604303684849
12,2026-06-28T01:34:13+02:00,2026-06-27T23:34:13+00:00,12.05,4627,True,4,1 2 3 4,,1,True,present_still,0.5604048537023085,-62.0,45.10574930458904,66.60720250566047,73.93156057767828,0.9750000000000001,181.78515625,2,8.613593891952128,0.4377178886200144,99.7816406398935,0.5801335285087514,0.4285884701344519
13,2026-06-28T01:34:14+02:00,2026-06-27T23:34:14+00:00,13.055,4666,True,4,1 2 3 4,,1,True,present_moving,0.548363373903043,-62.0,45.92058395741301,70.51609571257683,76.26948200666638,0.7875000000000001,190.25390625,6,9.375,0.43021787195445604,105.93128186386792,0.4465326615714171,0.5
14,2026-06-28T01:34:15+02:00,2026-06-27T23:34:15+00:00,14.06,4702,True,4,1 2 3 4,,1,True,present_still,0.5273809680493329,-62.0,48.40816879821363,72.08574016543083,79.68474030925455,0.8125,198.33203125,2,8.613593891952128,0.45269421693804685,99.7816406398935,0.5988094323115856,0.44507424080795943
15,2026-06-28T01:34:16+02:00,2026-06-27T23:34:16+00:00,15.065,4730,True,4,1 2 3 4,,1,True,present_still,0.46573034237931227,-62.0,43.18389804414874,64.1127310109294,71.02884078606013,0.7625000000000001,175.5390625,2,8.613593891952128,0.4590035509640323,99.7816406398935,0.5942616874609907,0.4196008370699501
16,2026-06-28T01:34:17+02:00,2026-06-27T23:34:17+00:00,16.07,4766,True,4,1 2 3 4,,1,True,present_still,0.5849927632823183,-62.0,49.53899490333084,72.91149322568104,78.86587375446481,0.7625000000000001,195.234375,2,8.613593891952128,0.46878610701069157,99.7816406398935,0.5976827596902778,0.417217250596851
17,2026-06-28T01:34:18+02:00,2026-06-27T23:34:18+00:00,17.075,4806,True,4,1 2 3 4,,1,True,present_still,0.5891929438715029,-62.0,45.73609217822882,69.47662283143332,74.71922153802831,1.5875000000000001,186.1015625,2,8.613593891952128,0.483406222506156,99.7816406398935,0.6149407770689204,0.41881095931572343
18,2026-06-28T01:34:19+02:00,2026-06-27T23:34:19+00:00,18.08,4846,True,4,1 2 3 4,,1,True,present_still,0.3969758452693361,-62.0,42.83639938274103,63.41641687811777,69.67483464061904,0.8,171.66796875,2,8.613593891952128,0.49713726774071343,99.7816406398935,0.6345505106248224,0.42282310484890484
19,2026-06-28T01:34:20+02:00,2026-06-27T23:34:20+00:00,19.085,4881,True,4,1 2 3 4,,1,True,present_still,0.46655809568185813,-62.0,38.188015912734286,58.684976188878835,61.622349603114884,2.0,155.96484375,2,8.613593891952128,0.5103890985552141,99.7816406398935,0.6287743928038284,0.4449491930563736
20,2026-06-28T01:34:21+02:00,2026-06-27T23:34:21+00:00,20.09,4917,True,4,1 2 3 4,,1,True,present_moving,0.4577784750597939,-62.0,40.613202327396095,61.267416083310316,66.46387268746072,0.8125,166.8125,7,9.42800825913626,0.3661568927128849,54.906661158019446,0.3643225822610384,0.4359570599936987
21,2026-06-28T01:34:22+02:00,2026-06-27T23:34:22+00:00,21.095,4957,True,4,1 2 3 4,,1,True,present_still,0.495773904045632,-62.0,46.98668489562646,72.5434897712236,77.05613604682588,0.9875,193.26171875,2,8.613593891952128,0.5413289156600641,99.7816406398935,0.4870382803324241,0.4467768795052919
22,2026-06-28T01:34:23+02:00,2026-06-27T23:34:23+00:00,22.1,4997,True,4,1 2 3 4,,1,True,present_still,0.5378555920143959,-62.0,44.933098988233176,68.15545298152405,72.70295216178872,0.7625000000000001,180.95703125,2,8.613593891952128,0.5516385246925526,99.7816406398935,0.42660527788183383,0.4246407544868467
23,2026-06-28T01:34:24+02:00,2026-06-27T23:34:24+00:00,23.102,5037,True,4,1 2 3 4,,1,True,present_still,0.5213810438279725,-62.0,48.57009537538971,73.0958805573758,78.58658940872235,1.3875000000000002,195.25,2,8.613593891952128,0.5544616864668047,99.7816406398935,0.39600935889238015,0.42433654038245805
24,2026-06-28T01:34:25+02:00,2026-06-27T23:34:25+00:00,24.107,5069,True,4,1 2 3 4,,1,True,present_still,0.6034123825320806,-62.0,47.115240204174036,70.83367935366546,73.63184514145175,1.3875000000000002,185.0390625,4,8.613593891952128,0.5487704058159375,99.7816406398935,0.38746139435102367,0.39503650848615746
25,2026-06-28T01:34:26+02:00,2026-06-27T23:34:26+00:00,25.108,5105,True,4,1 2 3 4,,1,True,present_still,0.6707555005072188,-62.0,47.232576311336345,68.13310265274771,76.59961923613932,0.7500000000000001,185.390625,4,8.613593891952128,0.5509113497001926,99.7816406398935,0.38949410581267985,0.38750732387159315
26,2026-06-28T01:34:27+02:00,2026-06-27T23:34:27+00:00,26.113,5143,True,4,1 2 3 4,,1,True,present_still,0.7069218414537592,-62.0,52.01442265557225,75.64962246394768,80.76401377253987,1.5875000000000001,197.50390625,4,8.613593891952128,0.5545998052178533,99.7816406398935,0.4004051523159782,0.36547184235858465
27,2026-06-28T01:34:28+02:00,2026-06-27T23:34:28+00:00,27.118,5168,True,4,1 2 3 4,,1,True,present_still,0.5729009159748581,-62.0,48.824840835566356,72.04701064983591,79.20510540891885,0.7875000000000001,194.00390625,6,8.613593891952128,0.5494949134480277,99.7816406398935,0.40661121804256467,0.4010309260126108
28,2026-06-28T01:34:29+02:00,2026-06-27T23:34:29+00:00,28.123,5191,True,4,1 2 3 4,,1,True,present_still,0.47650661019237184,-61.0,32.224292137183056,46.59857611342659,52.08759782598263,0.9375000000000001,121.7578125,5,9.42800825913626,0.30801405139760446,54.906661158019446,0.4149583184791866,0.4097503251608715
29,2026-06-28T01:34:30+02:00,2026-06-27T23:34:30+00:00,29.128,5233,True,4,1 2 3 4,,1,True,present_still,0.3759139472754053,-62.0,48.150523841941734,70.12758749168609,77.11580964594447,1.4000000000000001,185.75,5,12.66116537964867,0.4352831380276205,101.54511225164603,0.6586715846003744,0.44989207957018007
30,2026-06-28T01:34:31+02:00,2026-06-27T23:34:31+00:00,30.133,5268,True,4,1 2 3 4,,1,True,present_moving,0.4431305519097207,-62.0,39.77576091866255,59.01524210659431,67.03416981456766,1.375,164.0,5,12.66116537964867,0.397481125673927,101.54511225164603,0.6563658710907873,0.46897368467207656
31,2026-06-28T01:34:32+02:00,2026-06-27T23:34:32+00:00,31.139,5307,True,4,1 2 3 4,,1,True,present_moving,0.478789520371919,-62.0,43.496050445777534,63.162565807657714,73.25942071381729,0.7625000000000001,176.76953125,5,12.66116537964867,0.35100528500313605,101.54511225164603,0.6441157215415297,0.47862329128534
32,2026-06-28T01:34:33+02:00,2026-06-27T23:34:33+00:00,32.142,5339,True,4,1 2 3 4,,1,True,present_still,0.44961079390577036,-62.0,44.48777875727876,66.10513445894671,74.75032360271126,1.5875000000000001,181.4140625,4,8.613593891952128,0.40680523655803325,99.7816406398935,0.41267086202617065,0.4243599217810232
33,2026-06-28T01:34:34+02:00,2026-06-27T23:34:34+00:00,33.148,5379,True,4,1 2 3 4,,1,True,present_moving,0.4733849209625941,-62.0,42.62186747826205,64.51130963917743,71.48764520598914,1.375,175.87109375,7,9.42800825913626,0.36941421533124885,54.906661158019446,0.4326589481746235,0.44061330555024414
34,2026-06-28T01:34:35+02:00,2026-06-27T23:34:35+00:00,34.15,5418,True,4,1 2 3 4,,1,True,present_still,0.4224388946943618,-62.0,41.220509349798846,62.52396787239408,70.60065239148139,1.3875000000000002,175.6953125,4,8.613593891952128,0.4480142621889157,98.75349761203901,0.42973092763560106,0.4502358991245117
35,2026-06-28T01:34:36+02:00,2026-06-27T23:34:36+00:00,35.153,5454,True,4,1 2 3 4,,1,True,present_moving,0.5046801361677387,-62.0,42.20584890982363,63.87585914481243,72.01108371755478,0.9750000000000001,176.82421875,7,9.42800825913626,0.4161164764522844,54.906661158019446,0.41476992869168705,0.4450708917528928
36,2026-06-28T01:34:37+02:00,2026-06-27T23:34:37+00:00,36.158,5487,True,4,1 2 3 4,,1,True,present_still,0.5612501287295752,-62.0,46.567855068356366,69.5697734715429,76.2302910384358,0.7750000000000001,188.12109375,4,8.613593891952128,0.4578764624446895,98.00966036623171,0.39420146875523987,0.43728278433061785
37,2026-06-28T01:34:38+02:00,2026-06-27T23:34:38+00:00,37.159,5524,True,4,1 2 3 4,,1,True,present_moving,0.39672697985276356,-62.0,45.19466787935526,67.45400656647902,74.95034285685976,1.375,183.51953125,5,12.66116537964867,0.26877455152704466,101.54511225164603,0.34582952032904807,0.46077357696710697
38,2026-06-28T01:34:39+02:00,2026-06-27T23:34:39+00:00,38.161,5564,True,4,1 2 3 4,,1,True,present_still,0.5239042902283844,-62.0,45.3694487322487,66.57675945193861,74.62828679909089,0.7875000000000001,179.890625,4,8.613593891952128,0.43377997981862776,97.48563264180117,0.4078505401775952,0.40564710429222184
39,2026-06-28T01:34:40+02:00,2026-06-27T23:34:40+00:00,39.166,5601,True,4,1 2 3 4,,1,True,present_still,0.45906243877489894,-62.0,41.94698973920696,60.2162881669606,69.99501391099344,0.7625000000000001,169.12109375,4,8.613593891952128,0.4176689909582395,97.4050092563794,0.42145095684902234,0.42799836858419427
40,2026-06-28T01:34:41+02:00,2026-06-27T23:34:41+00:00,40.171,5635,True,4,1 2 3 4,,1,True,present_moving,0.5412507212498593,-62.0,46.167404503582794,67.27543664250123,75.36378846073927,0.9750000000000001,181.16015625,5,9.42800825913626,0.2866023358358918,54.906661158019446,0.4154390077994674,0.4399204045816383
41,2026-06-28T01:34:42+02:00,2026-06-27T23:34:42+00:00,41.176,5663,True,4,1 2 3 4,,1,True,present_still,0.5623083425818696,-62.0,50.24862148102186,72.93227994374067,82.36073963866559,0.9750000000000001,195.83203125,2,8.613593891952128,0.4423122074742677,97.4050092563794,0.4026680027589293,0.4012511286223882
42,2026-06-28T01:34:43+02:00,2026-06-27T23:34:43+00:00,42.179,5699,True,4,1 2 3 4,,1,True,present_moving,0.4143868472960367,-62.0,46.301062198942645,66.11339020968025,73.96339014588038,1.3625,178.60546875,7,9.42800825913626,0.3092716896121403,54.906661158019446,0.37926993652419483,0.4225163673376209
43,2026-06-28T01:34:44+02:00,2026-06-27T23:34:44+00:00,43.181,5735,True,4,1 2 3 4,,1,True,present_still,0.6088005809913556,-62.0,48.34849577448857,70.35601387963737,79.445508376607,0.9750000000000001,190.1484375,4,8.613593891952128,0.40424737673787564,97.4050092563794,0.465026817785832,0.40722719862941714
44,2026-06-28T01:34:45+02:00,2026-06-27T23:34:45+00:00,44.183,5771,True,4,1 2 3 4,,1,True,present_still,0.5172350370489198,-62.0,41.95814187417258,61.526307058397364,71.15017051658228,0.7875000000000001,172.49609375,4,8.613593891952128,0.394024317253403,97.4050092563794,0.46889538171883144,0.417367328372783
45,2026-06-28T01:34:46+02:00,2026-06-27T23:34:46+00:00,45.188,5800,True,4,1 2 3 4,,1,True,present_still,0.517065568840362,-62.0,42.97839110359018,62.44446996997256,71.51803175309345,1.5875000000000001,173.953125,6,8.613593891952128,0.3973383102229714,97.4050092563794,0.4569298731942451,0.40448555015851095
46,2026-06-28T01:34:47+02:00,2026-06-27T23:34:47+00:00,46.191,5834,True,4,1 2 3 4,,1,True,present_still,0.5819297806829259,-62.0,45.90796054979586,67.69994523906018,75.690946447481,0.9750000000000001,182.21875,4,8.613593891952128,0.41307332499292304,97.4050092563794,0.4208385870908338,0.40069676320201664
47,2026-06-28T01:34:48+02:00,2026-06-27T23:34:48+00:00,47.192,5874,True,4,1 2 3 4,,1,True,present_moving,0.36909233547950515,-62.0,43.43403479972751,61.38526725236885,72.00498070263124,0.7875000000000001,169.41015625,7,9.42800825913626,0.3909573715580452,54.906661158019446,0.7647106018138398,0.4392204300176966
48,2026-06-28T01:34:49+02:00,2026-06-27T23:34:49+00:00,48.197,5913,True,4,1 2 3 4,,1,True,present_still,0.5471502871300057,-62.0,42.642124448536286,61.46263952475958,70.63947641173486,1.3625,169.65625,4,8.613593891952128,0.4458365328290953,97.4050092563794,0.43210195417633573,0.4017940887815069
49,2026-06-28T01:34:50+02:00,2026-06-27T23:34:50+00:00,49.202,5945,True,4,1 2 3 4,,1,True,present_moving,0.5414139241920013,-62.0,42.75167771882743,62.63427561626675,71.47667805536332,1.3625,173.00390625,6,9.375,0.34237090355651784,102.72900900185626,0.39447878539976017,0.5
50,2026-06-28T01:34:51+02:00,2026-06-27T23:34:51+00:00,50.207,5981,True,4,1 2 3 4,,1,True,present_still,0.6313670366745611,-62.0,45.85897500651686,65.54411027223478,75.25669102742324,0.9750000000000001,179.77734375,8,8.613593891952128,0.4594494478440912,97.4050092563794,0.3864655671504909,0.4092631622144044
51,2026-06-28T01:34:52+02:00,2026-06-27T23:34:52+00:00,51.212,6017,True,4,1 2 3 4,,1,True,present_moving,0.5035093640369761,-62.0,48.097687163851916,70.57834524218384,79.39948892094766,1.3875000000000002,191.71484375,7,9.42800825913626,0.4479740800698949,54.906661158019446,0.5264704199608954,0.43706910718877123
52,2026-06-28T01:34:53+02:00,2026-06-27T23:34:53+00:00,52.217,6056,True,4,1 2 3 4,,1,True,present_moving,0.4610178243956249,-62.0,46.34768177958035,65.60017069667097,76.63024265407054,0.7625000000000001,182.453125,5,9.42800825913626,0.4070059927168656,54.906661158019446,0.4683670748708374,0.44427778448123045
53,2026-06-28T01:34:54+02:00,2026-06-27T23:34:54+00:00,53.222,6093,True,4,1 2 3 4,,1,True,present_still,0.5824184394689786,-62.0,45.937544642434574,66.8635485259726,75.46992353758424,0.9625000000000001,182.3984375,4,8.613593891952128,0.4437736578540337,98.32548089386353,0.4435324692127659,0.39932791744990626
54,2026-06-28T01:34:55+02:00,2026-06-27T23:34:55+00:00,54.227,6129,True,4,1 2 3 4,,1,True,present_still,0.616062656327393,-62.0,45.95643528490646,68.73583027440127,74.54589679115224,0.7750000000000001,182.296875,2,8.613593891952128,0.4339069385859361,99.33315449670289,0.4448075539114606,0.3839280965079913
55,2026-06-28T01:34:56+02:00,2026-06-27T23:34:56+00:00,55.232,6167,True,4,1 2 3 4,,1,True,present_still,0.6211777503822065,-62.0,44.03293479698665,64.8563421923466,71.36151182555031,0.7500000000000001,176.02734375,4,8.613593891952128,0.419437020470747,100.13911057627156,0.39325947857221727,0.4053885980836064
56,2026-06-28T01:34:57+02:00,2026-06-27T23:34:57+00:00,56.235,6203,True,4,1 2 3 4,,1,True,present_moving,0.5102169505853811,-62.0,47.83554019991884,69.12181127270712,77.3213815019844,1.375,187.2265625,5,9.42800825913626,0.4041954882922344,54.906661158019446,0.481612638113685,0.44490525972909034
57,2026-06-28T01:34:58+02:00,2026-06-27T23:34:58+00:00,57.24,6239,True,4,1 2 3 4,,1,True,present_moving,0.4081323887349704,-62.0,46.603873714834705,67.89094507520736,76.18208032412711,0.7625000000000001,183.75,7,9.42800825913626,0.3961094362761873,54.906661158019446,0.5055233361069672,0.4516574253030988
58,2026-06-28T01:34:59+02:00,2026-06-27T23:34:59+00:00,58.245,6275,True,4,1 2 3 4,,1,True,present_moving,0.5595899857255235,-62.0,50.46679469785535,72.05808601132091,81.99016485669402,0.7750000000000001,194.765625,7,9.42800825913626,0.4238435198231755,54.906661158019446,0.4869761693366808,0.439209914546543
59,2026-06-28T01:35:00+02:00,2026-06-27T23:35:00+00:00,59.25,6315,True,4,1 2 3 4,,1,True,present_still,0.5288741794789801,-62.0,47.94687072801196,69.38881626250301,79.55302148034745,1.5875000000000001,191.4296875,6,8.613593891952128,0.4241394632180199,103.0033077124971,0.42602012064940703,0.4031183332435029
